Year,Album,Song,Text
1997,"Greatest Lovesongs, Vol. 666",For You,"['In the grace of your love I writhe in pain', 'In 666 ways I love you and I hope you feel the same', ""I'm for you"", ""I'm killing myself for your love and again all is lost"", ""In 777 ways I love you 'til my death do us part"", ""I'm for you - and I'm dying for your love"", ""I'm for you - and my heaven is wherever you are"", 'In 666 ways I love you and my heaven is wherever', 'you are', ""I'm here for you - I am here for you"", ""I'm here for you - I am here for you\n""]"
1997,"Greatest Lovesongs, Vol. 666",Your Sweet Six Six Six,"['There are things you should know', 'And the distance between us seems to grow', ""But you're holding on strong"", 'And, oh, how hard it is to let go, oh, so hard to let go', ""I'm waiting for your call and I'm ready to take your"", 'Six six six in my heart', ""And I'm longing for your touch and I welcome your sweet"", 'Six six six in my heart (oh, my heart)', ""I'm losing my faith in you"", ""But you don't want it to be true"", ""But there's nothing you can do"", ""There is no thing you can do - yes, I've lost my faith in you"", 'Waiting for your call', ""And I'm ready to take your six six six in my heart"", 'Right here in this heart', 'Oh,', ""I'm lonely"", ""And I know it's too late"", ""Oh, my god you're so lonely"", ""I'm ready for the fall and I'm ready to take your"", 'Longing for your touch and I welcome your sweet', 'Right straight through my heart', 'Oh, right here in my heart\n']"
1997,"Greatest Lovesongs, Vol. 666",Wicked Game,"['World was on fire, no one could save me but you', ""It's strange what desire will make foolish people do"", ""I'd never dreamed that I'd need somebody like you"", ""And I'd never dreamed that I'd need somebody like you"", 'No, I wanna fall in love', '(this world is only gonna break your heart)', '..with you', 'What a wicked game to play', 'To make me feel this way', 'What a wicked thing to do', 'To let me dream of you', 'What a wicked thing to say', 'You never felt this way', 'What a wicked thing you do', 'To make me dream of you', ""No, and I never dreamed that I'd love somebody like you"", ""I'll never dream that I lose somebody like you, no"", '(This world is only gonna break your heart)', '(No, I wanna fall in love', 'No, I...', 'Nobody loves no one\n']"
1997,"Greatest Lovesongs, Vol. 666",The Heartless,"[""Your pain ain't love"", ""Can't you see he's the heartless"", 'Your pain is not love', ""He's taking it too far"", ""Don't you know it is wrong"", ""You're the one for me lady"", 'You are the one', ""If you'd only see in my heart"", ""You'd know know all is not lost"", 'Your time is running out', ""And you still haven't made up your mind"", ""And you're one of a kind"", ""He's the heartless"", ""You can't you see he's the heartless"", ""Your pain won't ever be love"", ""It doesn't matter how hard you try"", 'To you all is lost', ""He's the heartless\n""]"
1997,"Greatest Lovesongs, Vol. 666",Our Diabolikal Rapture,"['In our diabolikal rapture we live on and on', 'And death keeps knocking at our door', 'So we open the door', 'And we die a bit more', ""We're in love with death and we die on and on"", ""Won't you"", 'Close our eyes', ""We'll be by your side"", 'In your heavenly rapture we die on and on', 'And you keep waiting at our door', 'Yes we open the door', 'Let us die a bit more', ""We're in love with you and we die on and on"", 'Your love is the only thing I live for in this world', 'Oh how I wait for the day your heart burns', 'In these heavenly flames I have already scorched in', ""I just want you to know I'll always be waiting"", 'repeat]']"
1997,"Greatest Lovesongs, Vol. 666",It's All Tears (Drown In This Love),"[""I'm waiting for you to drown in"", 'my love', 'So open your arms', ""I'm waiting for you to open your arms"", 'And drown in this love', ""I'm waiting for you to drown in my love"", 'Open your arms and let me show you what love can be like', ""It's all tears and it will be 'til the end of your time"", 'Come closer my love', 'Will you let me tear your heart apart?', 'Now all hope is gone so drown in this love', 'So my love your laughter is finally turning into tears', ""And you're begging for more though the end is getting near"", 'come closer my love', ""I'll violate you in the most sensual way... until you drown in this"", 'love', 'And drown in this love\n']"
1997,"Greatest Lovesongs, Vol. 666",When Love And Death Embrace,"[""I'm in love with you"", ""And it's crushing my heart"", 'All I want is you', 'To take me into your arms', 'When love and death embrace', 'I love you', ""And you're crushing my heart"", 'I need you', 'Please take me into your arms', 'When love and death embrace\n']"
1997,"Greatest Lovesongs, Vol. 666",The Beginning Of The End,"[""Your world is coming to it's end"", ""But you don't have to be afraid - I'm here for you"", 'Save your happiness for tomorrow', ""And today we'll drown in your tears"", 'A drop of your blood tastes like wine today', 'Come closer my dear', 'It is just the beginning of the end', ""Yes, I'm here for you"", 'And because I love you so', ""And I'm here for you"", 'Your blood tastes like life today', 'Will you let it rain', 'Let it rain', ""So won't you let it rain"", 'Oh, let it rain', ""Won't you let it rain\n""]"
1997,"Greatest Lovesongs, Vol. 666",(Don't Fear) The Reaper,"['Written by Blue Oyster Cult]', 'All our times have come', ""Here but now they're gone"", ""Seasons don't fear the reaper"", 'Nor do the wind, the sun or the rain', 'We can be like they are', ""Come on baby... Don't fear the Reaper"", ""Baby take my hand... Don't fear the Reaper"", ""We'll be able to fly... Don't fear the Reaper"", ""Baby I'm your man..."", 'Valentine is done', 'Romeo and Juliet', 'Are together in eternity...', '40,000 men and women everyday... Like Romeo and Juliet', '40,000 men and women everyday... Redefine happiness', 'Another 40,000 coming everyday...We can be like they are', 'Love of two is one', 'Came the last night of sadness', ""And it was clear we couldn't go on"", 'The door was open and the wind appeared', 'The candles blew and then disappeared', 'The curtains flew and then he appeared', ""Saying don't be afraid"", 'Come on baby... And we had no fear', 'And she ran to him... Then they started to fly', 'We looked backward and said goodbye', 'We had become like they are', 'She had taken his hand', ""Come on baby...don't fear the reaper\n""]"
2000,Razorblade Romance,I Love You (Prelude To Tragedy),"['I see it in your eyes', 'I feel it in your touch', 'I taste it from your lips', 'And baby more i love you', ""Can't you see my darling"", 'That the harder i try', 'The more we grow apart', 'Please believe me', 'The sweeter the kiss', 'The colder turn your arms', 'And the colder grows your heart', ""And you're in my heart my darling"", 'The closer i get', ""The more you're out of love"", ""Don't you feel it"", 'The colder your touch', 'The more it turns me on', 'And the faster beats my heart', 'And baby more i love you\n']"
2000,Razorblade Romance,Poison Girl,"['I did it all just for her', ""And love's heart is death"", 'For me and my poison girl', 'A prey she was for the cruelty of love', 'While its serpent inside crawled straight towards her heart', 'The coldest kiss love ceased to exist', 'While we grew apart like never before', 'And love wants us dead', 'Just me and my poison girl', 'the fire in her eyes', 'grew dim and then died', 'as the poison inside', 'reached her heart', 'And the coldest bliss', 'faith ceased to exist', 'as we grew apart', 'like never before', 'And the taste of the poison on her lips is of a tomb', 'Poison girl ', '4X]', 'In this poison world\n']"
2000,Razorblade Romance,Join Me In Death,"['Baby join me in death', 'We are so young', 'our lives have just begun', ""but already we're considering"", 'escape from this world', ""and we've waited for so long"", 'for this moment to come', ""we're so anxious to be together"", 'together in death', ""Won't you die tonight for love"", ""Won't you die"", 'This world is a cruel place', ""and we're here only to lose"", 'so before life tears us apart let', 'death bless me with you', ""this life ain't worth living"", 'Baby join me in death\n']"
2000,Razorblade Romance,Right Here In My Arms,"['She is smiling like heaven is down on earth', 'Sun is shining so bright on her', 'And all her wishes have finally come true', 'And her heart is weeping. ', 'This happiness is killing her.', ""She'll be right here in my arms"", 'So in Love', ""She'll be right here in these arms"", ""She can't let go"", 'Repeat 2x]', ""So hard she's trying"", ""But her heart won't turn to stone... oh no"", 'She keeps on crying', ""But I won't leave her alone"", ""She'll never be alone"", 'bridge]', ""And she'll be right here in my arms"", 'Repeat 3x and fade out]']"
2000,Razorblade Romance,Gone With The Sin,"['I love your skin oh so white', 'I love your touch cold as ice', 'And I love every single tear you cry', ""I just love the way you're losing your life"", 'Ohohohohoh my Baby, how beautiful you are', 'Ohohohohoh my Darling, completely torn apart', ""You're gone with the sin my Baby and beautiful you are"", 'So gone with the sin my Darling', 'I adore the despair in your eyes', 'I worship your lips once red as wine', 'I crave for your scent sending shivers down my spine', ""I just love the way you're running out of life"", 'Solo]', '2x Repeat Refrain]']"
2000,Razorblade Romance,Razorblade Kiss,"['I taste death in every kiss we share', 'Every sundown seems to be the last we have', 'Your breath on my skin has the scent of our end', ""I'm drunk on your tears, Baby, can't you see it's hurting"", 'Mmhhh mmmhhhh', 'Every time we touch we get closer to heaven', 'And at every sunrise our sins are forgiven', 'Uh.uh', 'You on my skin this must be the end', 'The only way you can love me is to hurt me again', 'And again', 'Your love is a razorblade kiss', 'Sweetest is the taste from your lips', 'Oh the taste from your lips, my Darling', 'Taste from your lips, oh my Love', ""Only inside I'm free"", ""I'm tired of waiting"", ""You've got to let me dream"", 'inside you baby', ""I'm not afraid to feel"", 'I want you to love me', 'Cause you are the one', 'Sweetness is the taste from your lips', 'Sweetest is the taste from your lips\n']"
2000,Razorblade Romance,Bury Me Deep Inside Your Heart,"['Let me wake up in your arms', ""Hear you say it's not alright"", 'Let me be so dead and gone', 'So far away from life', 'Close my eyes', 'Hold me tight', 'And bury me deep inside your heart', 'All I ever wanted was you, my love', ""You're all I ever wanted is you, my love"", ""Your're all I ever wanted, just you"", 'Let me never see the sun', 'And never see you smile', 'Let us be so dead and so gone', 'Just close my eyes', ""You're all I ever wanted, you, oh my love"", ""You're all I ever wanted, you, my love"", ""That's the way it's always been"", 'My heart stops beating only for you Baby', 'Only for your loving', ""You're all I ever wanted, you, my love\n""]"
2000,Razorblade Romance,Heaven Tonight,"['I hold your hand in mine', ""I hold your hand and you're so lonely"", 'Oh so lonely', 'Your eyes have lost their light', ""Your eyes have lost their light and you're empty"", ""Oh my God you're so empty"", ""(I'm in love with you)"", 'You are my heaven tonight', 'Trying to find the heart you hide', 'Trying to find the heart you hide in vain', 'Oh in vain', ""And you're my haven in life"", ""And you're my haven in death, Baby"", 'Life and Death my Darling', 'Repeat]', ""That's right"", ""(I'm in love with you)\n""]"
2000,Razorblade Romance,Death Is In Love With Us,"['I know it hurts too much', ""I know that you're scared"", ""I know you're running out of trust"", 'Wishing you were dead', 'In your misery', ""You're not alone"", 'So come share your tears with me', 'And witness it all go wrong', 'I know it and I feel it', 'Just as well as you do, Honey', ""It's not our fault if death's in love with us oh oh"", ""It's not our fault if the reaper holds our hearts"", '41+66.6 = our loss', ""We're breathing only to fade away"", ""We're running just to get caught"", ""What love's lies blessed"", ""What love's light cursed"", 'Just fear for the best', 'And hope for our worst', ""Death's in love with us oh oh"", 'The Reaper holds our hearts oh oh', 'And the Reaper holds our hearts oh oh', ""It's not our fault if the reaper holds our hearts\n""]"
2000,Razorblade Romance,Resurrection,"['There was a time', 'When I could breath my life in you', 'One by one', 'Your pale fingers started to move', 'And I touched your face', 'And all life was erased', 'You smiled like an angel', '(Fallen from grace)', ""We've been slaves to this love"", 'From the moment we touched', 'And keep begging for more', 'Of this resurrection', 'You kissed my lips', 'With those once cold fingertips', 'You reached out for me', 'And oh how you missed', 'You touched my face', 'Of this', 'resurrection\n']"
2000,Razorblade Romance,One Last Time,"['Is it so hard to believe our hearts', 'Are made to be broken by love', 'That in constant dying lies', 'The beauty of it all', ""My darling won't you feel"", 'The sweet heaven in', 'Our endless cry', 'Oh at least you could try', 'For this one last time', 'So amazed how bright are the flames', 'We are burning in', 'Ever smiled at the tragedies', 'We hold inside', ""My darling won't you cherish"", 'The fear of life that keeps', 'You and me so alive', 'It could be alright', '(and we just will be closer)', '(let me fall into your arms)', ""(don't let us grow colder)"", '(let me close to your heart)', ""(before it's all over)"", '(let me close to your heart)\n']"
2000,Razorblade Romance,Sigillum Diaboli,"[""I can't see as I'm facing your pitiful lies"", ""Don't have the strength to carry your heavy load of life"", ""I'm your Christ to die on you"", ""This world's not for us and you know it as well as I do"", 'Oh', ""I can't see through your eyes, bring your tears on me"", 'I will leave the body for your shoulder you just have to killing', 'Oh as well as I do', 'Just as well as I do', ""So I'm your Christ to die on you"", ""Oh, so you've come from above"", 'And you say you want to', 'And I kill myself for your love', ""I'm killing myself for you, yes you"", 'Yes you do', 'Yes you do, my Darling', 'Yes you do..oh', 'Yes you do, oh my Love\n']"
2000,Razorblade Romance,The 9th Circle (OST),"['Is it so hard to believe the hearts are made to be broken', ""Can't you see that the beauty of love lies in constant times"", ""Don't you want our hearts to be torn wide open"", ""Won't you feel the heaven in our endless cry"", 'Oh at least you could try', 'Let me just to be closer', 'For this one last time', 'Let me fall into your arms', 'It could be alright', ""Don't let us grow any colder"", 'Let me close to your heart', 'Ever amazed how bright are the flames we are burning in', 'Ever smiled of the tragedies we have locked deep inside', ""Aren't you obsessed by our hand was on the verge of beginning"", ""Won't you cherish your fear of life that keeps us alive"", ""Won't you let me be closer"", 'Just to let us be closer', 'oh, my Baby', 'oh', 'You gotta let it closer', 'Baby, let me closer', ""Won't you let it come closer"", 'My Darling', 'Baby, let me close to your heart', 'Baby, let me close to your heart\n']"
2001,Deep Shadows & Brilliant Highlights,Salt In Our Wounds,"['Here we are', 'In the maelstrom of love', 'Waiting for the calm', 'To soothe our hearts', ""And don't know how to stop"", 'Waiting for the war', 'To end it all', 'Love is insane and Baby', 'We are too', ""It's our hearts little grave"", 'And the salt in our wounds', 'So we are too', 'Right back where we began', 'Waiting for sweet love', 'With open arms', 'Just like before', 'Waiting for the warmth', 'Of that tender storm', 'And the salt in our wounds\n']"
2001,Deep Shadows & Brilliant Highlights,Heartache Every Moment,"['From lashes to ashes ', 'And from lust to dust ', 'In your sweetest torment ', ""I'm lost "", 'And no heaven can help us ', 'Ready, willing and able ', 'To lose it all ', 'For a kiss so fatal ', 'And so warm ', ""Oh it's heartache every moment "", ""From the start 'til the end "", ""It's heartache every moment "", 'With you ', 'Deeper into our heavenly suffering ', 'Our fragile souls are falling ', 'Baby with you ', 'And we sense the danger ', ""But don't wanna give up "", ""'Cause there's no smile of an angel "", 'Without the wrath of god ', 'My darling with you ', 'I am lost ', ""It's heartache every moment with you "", ""That's right\n""]"
2001,Deep Shadows & Brilliant Highlights,Lose You Tonight,"[""Don't run away"", ""I can't live without you"", 'Please stay', 'And I learn to love you right', 'I was waiting for you', 'Waiting for all my life', ""And I've been crying for you"", 'Dying for you all this time', ""And I'm not gonna"", 'Lose you tonight', ""No, I ain't gonna lose you tonight"", 'I never wanted to hurt you', 'And I learn to treat you right', ""Oh, I can't live without you"", 'I never want adore you', ""I ain't gonna lose you tonight"", 'Lose you tonight\n']"
2001,Deep Shadows & Brilliant Highlights,In Joy And Sorrow,"['Oh girl, we are the same', 'We are young and lost and so afraid', ""There's no cure for the pain"", 'No shelter from the rain', 'All our prayers seem to fail', ""In joy and sorrow, my home's in your arms"", 'In a world so hollow', ""It's breaking my heart"", 'We are strong and blessed and so brave', 'With souls to be saved', 'And faith regained', 'All our tears wiped away', '(My home is in your arms)', ""(And it's breaking my heart)"", ""It's breaking my heart\n""]"
2001,Deep Shadows & Brilliant Highlights,Pretending,"['Love is a flame that can be tamed', 'And though we are its willing prey, my darling', 'We are not the ones to blame', 'Trust is a word all lovers know', 'The glorious art of staining souls, my darling', 'The more we have the more we want', 'And the more it hurts our hearts, my baby', 'It always ends up in tears', 'So keep on pretending', 'Our heaven is worth the waiting', ""Keep on pretending it's alright"", 'It will be the end of our craving', 'Keep on pretending', ""It's alright"", 'When doubts arise the game begins', 'The one we will never win, my baby', 'It always ends up in tears...', 'We are not the ones to blame\n']"
2001,Deep Shadows & Brilliant Highlights,Close To The Flame,"['The kiss sweetest ', 'And touch so warm ', 'The smile kindest ', 'In this world so cold and strong ', 'So close to the flame ', 'Burning brightly ', ""It won't fade away "", 'And leave us lonely ', 'The arms safest ', 'And words, so good ', 'The faith deepest ', 'In this world so cold and cruel ', 'And leave us lonely\n']"
2001,Deep Shadows & Brilliant Highlights,You Are The One,"[""No I won't surrender"", 'At any cost', ""You're something so sweet and tender"", 'From my heart', ""Yes I've done my evil"", ""I've done my good"", 'Just believe me honey', ""I won't let go of you"", 'You are the one', ""And there's no regrets at all"", ""We've had our share of misfortune"", ""We've had our blues"", 'And God is not on our side', ""Yes it's true"", 'We keep forgetting baby', 'The beauty of us two', 'There is no one who can take that away', 'From me and you', ""And there's no regrets at all\n""]"
2001,Deep Shadows & Brilliant Highlights,Please Don't Let It Go,"[""We're drifting apart "", 'But I want you to know ', 'Wherever you are I belong ', ""Love's singing our song "", 'But we fail to sing along ', 'Wherever you go I will follow ', ""So please don't let it "", ""Please don't let it go "", ""'Cause if you won't let it I won't let it go "", ""'Cause if you don't let it I won't let it go "", 'You try to be strong ', ""But you're always so alone "", 'Whatever I do I do it wrong ', 'Death sings our song ', 'And we eagerly sing along ', 'Whatever you do I adore ', 'I adore ', 'Oh no ', ""Don't let go of life "", 'Let go of love ', 'Let go of all we have ', ""So don't let go of trust "", 'Let go of lust ', 'Let go of all we share ', 'All we share ', 'Hey my darling ', ""Please don't let it "", 'Oh no\n']"
2001,Deep Shadows & Brilliant Highlights,BeautifuL,"['Just one look into your eyes ', ""One look and I'm crying "", ""'Cause you're so beautiful "", ""Just one kiss and I'm alive "", ""One kiss and I'm ready to die "", ""Just one touch and I'm on fire "", ""One touch and I'm crying "", ""Just one smile and I'm wild "", ""One smile and I'm ready to die "", ""Oh and you're so beautiful "", 'My darling ', ""Oh you're so beautiful "", ""You're so beautiful "", 'Oh my baby ', ""And you're so beautiful "", 'Oh my darling ', ""And you're so beautiful\n""]"
2001,Deep Shadows & Brilliant Highlights,In Love And Lonely,"['In love and lonely', ""I'm not with you my baby"", 'Just to see you cry', ""I'm in love with you"", 'Not the tears in your eyes', ""I can't remember"", 'The last time you smiled', 'Oh I know how it feels', ""I know what it's like"", 'To be', ""Don't know what to do my baby"", ""It's not alright"", ""This can't be the end"", 'The time to say good bye', ""No I won't walk away that easy"", 'After all this time', 'Oh you know how it feels', ""You know what it's like"", 'You know how it is', ""But you just can't stop crying"", 'In love and lonely\n']"
2001,Deep Shadows & Brilliant Highlights,Don't Close Your Heart,"['I know how it feels to be on your own ', 'In this cruel world where hearts are bound to turn to stone ', 'Where you are alone ', 'And tired of breathing ', ""It's all going wrong "", ""And you just can't stand the pain any more "", ""You're too numb to believe in "", 'In anything ', ""Baby just don't close your heart "", ""Darling don't let me down "", 'I know how easy it is to let go ', 'Surrender to despair lurking at your door ', 'To lose your soul and all your feelings ', 'Strenght all gone ', 'And so many things left unsaid ', 'And deeds undone ', ""You've stopped caring "", ""'Cause it's all in vain "", 'You are so alone ', ""And you just can't stand the pain "", ""Don't let me down "", ""Just don't let me down\n""]"
2001,Deep Shadows & Brilliant Highlights,Love You Like I Do,"[""On my heart I'll bear the shame "", 'No prayer can ease the pain ', 'No one will love you ', 'No one will love you the way I do ', 'Love you like I do ', ""And there's no escape "", 'Just countless mistakes ', 'It will never be the same ', 'Witness trust fade away ', 'Love you like I do\n']"
2003,Love Metal,Buried Alive By Love,"['Again the burden of losing rests upon my shoulders', 'And its weight seems unbearable', 'Your tomb is where your heart is,', 'I should have told her', 'But within me hid a secret so terrible', ""To cry is to know that you're alive"", 'But my river of tears has run dry', 'I never wanted to fool you, no', 'But a cold heart is a dead heart', ""And it feels like I've been buried alive by love"", 'If I should die before I wake', 'Pray no one my soul to take', 'If I wake before I die,', 'Rescue me with your smile', ""There ain't no one my soul to take"", 'The kiss of vanity blessed me with a spiritual murder', 'And fed the gods of war insatiable', 'Your home is where the dark is', 'Embrace the fire indestructible', ""To die is to know that you're alive"", ""And my river of blood won't run dry"", 'I never wanted to lose you, no', 'rescue me with your smile', ""And they say to cry is to know that you're alive"", 'And my river of tears has run dry', 'A deserted soul is gone', 'A cold heart is a dead heart', 'Rescue me with your smile,', ""I've been buried alive by love"", 'Buried alive by love', ""I've been buried alive by love\n""]"
2003,Love Metal,The Funeral Of Hearts,"[""Love's the funeral of hearts"", 'And an ode for cruelty', 'When angels cry blood', 'On flowers of evil in bloom', 'The funeral of hearts', 'And a plea for mercy', 'When love is a gun', 'Separating me from you', 'She was the sun', 'Shining upon', 'The tomb of your hopes and dreams so frail', 'He was the moon', 'Painting you', ""With it's glow so vulnerable and pale"", 'She was the wind, carrying in', ""All the troubles and fears you've for years tried to forget"", 'He was the fire, restless and wild', 'And you were like a moth to that flame', 'The heretic seal beyond divine', ""A prayer to a god who's deaf and blind"", 'The last rites for souls on fire', 'Three little words and a question why', 'Separating me from you\n']"
2003,Love Metal,Beyond Redemption,"[""Oh I see your scars I know where they're from"", ""So sensually carved and bleeding until you're dead and gone"", ""I've seen it all before beauty and splendour torn"", ""It's when heaven turns to black and hell to white"", 'Right so wrong and wrong so right', 'Now', 'Chorus:]', 'Feel it turning your heart into stone', 'Feel it piercing your courageous soul', 'Beyond now - redemption', ""No one's gonna catch you when you fall"", 'Oh I see you crawl you can barely walk', 'With arms wide open you keep on begging for more', ""I've been there before knocking on the same door"", ""It's when hate turns to love and love to hate"", 'Faith to doubt and doubt to faith', 'Chorus x2]', 'Beyond now - redemption\n']"
2003,Love Metal,Sweet Pandemonium,"['Today tomorrow seems so far away', 'And the wait in vain, yeah', 'So safe, in the blinding light of love unchained', ""In yesterday's grave, yeah"", 'The truth that could set souls free', 'Is buried within sweet pandemonium', 'Concealed by disbelief', 'The riddle stays veiled in sweet pandemonium', 'Afraid that everything remains unchanged', 'In this fragile dream, yeah', 'Ashamed of the shattered remains', 'Of promises made, yeah', 'Drained by the anger and grief', 'Fazed by the envy and greed ', 'The secret cries for a release', 'The lucidity hidden deep in sweet pandemonium', 'The riddle stays veiled in sweet pandemonium\n']"
2003,Love Metal,Soul On Fire,"[""There's a flame that leads our souls astray"", ""No one's safe from its tender touch of pain"", ""And every day it's looking for new slaves"", 'To celebrate the beauty of the grave', 'We are like the living dead', 'Sacrificing all we have', 'For a frozen heart and a soul on fire', 'Craving for deliverance', 'With a frozen heart and a soul on fire', ""And again we're falling for disgrace"", 'And hate will shelter us from the rain', 'We are enslaved by the sacred heart of shame', 'And gently raped by the light of day', 'Craving for deliverence', 'Addicted to our divine despair', 'The venom of the cross we bear', 'The guilt will follow us to death', 'With a soul on', 'Soul on', 'Fire', 'Soul on fire\n']"
2003,Love Metal,The Sacrament,"['I hear you breathe so far from me', 'I feel your touch so close and real', 'And I know', 'My church is not of silver and gold,', ""It's glory lies beyond judgement of souls"", 'The commandments are of consolation and warmth', ""You know our sacred dream won't fail"", 'The sanctuary tender and so frail', 'The sacrament of love', 'The sacrament of warmth is true', 'The sacrament is you', 'I hear you weep so far from me', ""I taste your tears like you're next to me"", 'My weak prayers are not enough to heal', 'Oh the ancient wounds so deep and so dear', 'The revelation is of hatred and fear', 'The sacrament is you\n']"
2003,Love Metal,This Fortress Of Tears,"['No one can hurt you now', 'In this haven safe and sound', 'No one can save you now', 'From this grace you are drowning', 'in', 'Just hold your breath on your way down', 'This fortress of tears', ""I've built from my fears for you"", ""This fortress won't"", 'fall', ""I've built it strong for you"", 'No one can free you now', 'From the chains around your heart', ""Don't be afraid now"", 'Just', 'dive in this emptiness', 'And hold your breath on your way down\n']"
2003,Love Metal,Circle Of Fear,"['Heartache is knocking on her door', 'Shadows dance outside her window', 'Tears keep falling on the floor', 'As the world around her crumbles', 'Chorus:]', 'If you want to save her', 'First you have to save yourself', 'If you want to free her from the hurt', ""Don't do it with your pain"", 'If you want to see her smile again', ""Don't show her you're afraid"", 'Because your circle of fear is the same', 'Love can be as cold as grave', 'A one-way ticket to endless sorrow', 'An empire of gentle hate', 'Today without tomorrow', 'Chorus]', ""It's the circle of regret"", 'The circle of hate', 'The circle of death', 'Your circle of fear is the same']"
2003,Love Metal,Endless Dark,"['Softly the light shines in through', 'The gates of grace on me and you', 'Deceiving our restless hearts', 'A', 'flickering flame so serene', 'Devours the night so we could see', 'The fear we hold on to so strong', 'But i know where i belong', 'Away from your gods', 'That heal all wounds and light this endless dark', 'Lonely the light shines on you', 'Through the gates of', 'fire entombed', 'Feeding on your love', 'Weak is the blaze that kept me away', 'From cruelty and tenderness embraced', 'Saving my', 'soul no more', 'And i know where i belong', 'That shine', 'on you and tame your burning heart', 'That bury my truth right into your arms', 'That worship the tomb of our forlorn love\n']"
2003,Love Metal,The Path,"['There is no turning back from this unending path of mine', 'Serpentine and black it stands before my eyes', 'To hell', 'and back it will lead me once more', ""It's all i have as i stumble in and out of grace"", 'I walk through the gardens of dying', 'light', 'And cross all the rivers deep and dark as the night', ""Searching for a reason why time would've passed us by"", 'With', 'every step i take the less i know myself', 'Every vow i break on my way towards your heart', ""Countless times i've prayed for"", 'forgiveness', 'But gods just laugh at my face', 'And this path remains', ""Leading me into solitude's arms"", 'I see through the', 'darkness my way back home', ""The journey seems endless but i'll carry on"", 'The shadows will rise and they will fall', 'And our', 'night drowns in dawn', ""Amidst all tears there's a smile"", 'That all angels greet with an envious song', ""One look into stranger's"", 'eyes and i know where i belong', 'And the path goes on...\n']"
2003,Love Metal,Love's Requiem,"['Confusion writhes around our hearts impatiently', 'It drains the faith that lights the dark and sets us free', 'From the chains of our war and the pain we once called love', 'The poison of doubt enslaves our minds and we bleed', 'We abandon the trust that kept us blind and disappear', 'Under the crimson wings of hate where the lost are safe', 'Until they love again', 'The heart of darkness is hope of finding you there', ""And that hope will be our love's requiem"", 'We pray to the serpent of delight desperately', 'The questions are answered and we try not to weep', ""Until we are sure we're suffering for love"", ""In the dungeon of our dreams we're so weak"", 'The promise made to be broken still haunts our sleep', ""We won't open our eyes afraid we would die for love again"", 'The salvation we seek will be waiting us there', 'In the heart of darkness lonely and scared', 'With a promise of death for our love', ""And now that we're free from the chains of our dear love"", ""I'm lost, so lost"", 'Take me into your arms and sing me your beautiful song', ""Hold me until we're one and sing me you're beautiful song"", ""Hold me until we're one and sing me you're beautiful song...\n""]"
2005,Dark Light,Face Of God,"[""I'm drained but aching for more"", 'And the devil inside is reading', 'The words of the saddest poem', 'To be engraved on the stone of my grave', ""I'd kill to share your pain"", '(And carry the shame)', 'And sell my soul for you just to say', ""I dream what you're dreaming"", ""And feel what you're feeling"", ""Love's our shadow on the wall"", 'With the face of god', 'Nothing will be enough', 'For the ones Who keep on stumbling', 'In the garden of withering trust', 'Without the courage to leave', ""Oh I'd take my life for your kiss"", '(Grant me my wish)', 'And lose it all to take you across the abyss', ""You dream what I'm Dreaming"", ""And See what I'm seeing"", 'With the Face of God', 'Labyrinth in a shape of a heart', ""Love's secret architecture"", 'I find myself to be lost in the', 'Arms of your fate', ""I'd kill to share you pain"", '(Please let me stay)', ""Love's name in vein"", 'Again and again', 'With the face of', '(Face of)', 'The face of', 'God', 'God\n']"
2005,Dark Light,Wings Of A Butterfly,"['Heaven ablaze in our eyes ', ""We're standing still in time "", 'The blood on our hands is the wine', 'We offer as sacrifice ', 'Chorus]', 'Come on, and show them your love ', 'Rip out the wings of a butterfly', 'For your soul, my love', 'For your soul', 'This endless mercy mile ', ""We're crawling side by side "", 'With hell freezing over in our eyes ', 'Gods kneel before our crime', 'Come on lets show, them your love', '(Rip out the wings of a butterfly)', 'Don√¢\x80\x99t let go', '(Rip out the wings of a butterfly) ', 'x2]', 'For your soul\n']"
2005,Dark Light,Killing Loneliness,"['Memories, sharp as daggers', 'Pierce into the flesh of today', 'Suicide of love took away all that matters', 'And buried the remains in an unmarked grave in your heart', 'With the venomous kiss you gave me', ""I'm killing loneliness (Killing loneliness)"", 'With the warmth of your arms you saved me,', ""Oh, I'm killing loneliness with you"", ""I'm killing loneliness that turned my heart into a tomb"", ""I'm killing loneliness"", 'Nailed to the cross, together', 'As solitude begs us to stay', 'Disappear in the lie forever', 'And denounce the power of death over our souls and secret words are said to start a war', 'Killing loneliness', 'With the warmth of your arms you saved me\n']"
2005,Dark Light,Behind The Crimson Door,"['Covered the carcass of time with flowers', 'To send the scent of blame to the grave', 'Set the darkest thoughts on fire', ""And watched the ashes climb to Heaven's gates"", 'We hide behind the crimson door', 'While the summer is killed by the fall', 'Alive behind the crimson door', 'While the winter sings:', '""Your love will be the death of me"" (Death of me)', '""Your love will be the death of me""', 'Death served wine for lovers', 'Brought from the world where devils reign', 'And intoxicated angels with sorrow', 'They witnessed in the eyes of their slaves', 'while the winter sings:', 'We hide behind the crimson door\n']"
2005,Dark Light,Dark Light,"['Shivers run through the spine', 'Of hope as she cries', 'the poison tears of a life denied', 'In the raven black night', 'Holding hands with', 'Dark light', 'Come shine in her lost heart tonight', 'And blind', 'All fears that haunt her', 'With your smile', 'Dark Light', ""In oblivion's garden"", ""Her body's on fire"", 'Writhing towards the angel defiled', 'To learn how to die', 'In peace with her God', 'All fears that haunt her with', 'Your smile', 'Dark Light\n']"
2005,Dark Light,Under The Rose,"['I dream of the winter in my heart turning to spring', 'While the ice gives way under my feet', 'And so I drown with the sun', ""I've been burning in water and drowning in flame"", 'To prove you wrong and scare you away', 'I admit my defeat and want back home', 'In your heart under the rose', 'I open my eyes with a sigh of relief', ""As the warmth of summer's sunlight dances around me"", 'And I see you with dead leaves in your hands', 'In your heart under the rose\n']"
2005,Dark Light,Vampire Heart,"[""You can't escape the wrath of my heart"", ""Beating to your funeral song (You're so alone)"", 'All faith is lost for hell regained', 'And love dust in the hands of shame (Just be brave)', 'Let me bleed you this song of my heart deformed', 'And lead you along this path in the dark', ""Where I belong 'till I feel your warmth"", 'Hold me', 'Like you held on to life', 'When all fears came alive and entombed me', 'Love me', 'Like you love the sun', 'Scorching the blood in my vampire heart', ""I'll be the thorns on every rose"", ""You've been sent by hope (You'll grow cold)"", 'I am the nightmare waking you up', 'From the dream of a dream of love (Just like before)', ""Let me weep you this poem as Heaven's gates close"", 'Paint you my soul, scarred and alone', 'Waiting for your kiss to take me back home', 'Hold me (Like you held on to life)', '(When all fears came alive and entombed me)', 'My vampire heart', 'Love me (Like you love the sun)', '(Scorching the blood in my)', 'My vampire heart\n']"
2005,Dark Light,Play Dead,"['A moth into a butterfly', 'And a lie', 'Into the sweetest truth', ""I'm so afraid of life"", 'I try', ""To call your name but I'm"", 'Silenced by the fear of dying in your heart once again', 'I see the seasons changing', 'And in the heart of this autumn I fall', 'With the leaves from the trees', 'I play dead', 'To hide my heart', 'Until the world gone dark fades away', 'I cry', 'Like God cries the rain', ""And I'm just one step away from the end of today"", 'I see the reasons changing', 'And in the warmth of the past I crawl', 'Scorched by the shame', 'I stay dead', 'Until you veil my scars and say goodbye to fate', ""Before it's too late\n""]"
2005,Dark Light,Drunk On Shadows,"['Hiding underneath', 'The veil of broken dreams', 'We find her weeping', 'On her once white wings', 'She will be carrying the weight of our deeds', 'And she bleeds for love', 'Forever gone', 'Drunk on shadows and lost in a lie', 'Killing ourselves a kiss at a time', 'Devils dance while angels smile', 'Finding souls to feed', 'The nightside of eden', 'We see the struggling', ""For her love's"", 'Last breath and walk off', ""She's blinded by the fear"", 'Of life and death and everything in between', 'We smile when she cries a river of tears', 'A mirror where we see nothing but a reflection of heaven too far away', 'So alive', '(Drunk on shadows)', 'So alive\n']"
2005,Dark Light,In The Night-Side Of Eden,"['Divided we stand in the light of a frozen sun', 'Cursing the gods we have become', 'We steal the fire from a sacred heart', 'And bleed the wine unholy', ""We fall in love with the serpent's song"", 'And fear nothing', 'In the nightside of Eden', ""We're born again dead"", 'Forever we are', ""Forever we've been"", ""Forever we'll be crucified to a dream"", ""Deranged, we're tearing away the petals of desire"", 'Learning the mathematics of evil by heart', 'We deceive ourselves to start a war', 'Within the realm of senses', 'And descend to the circle number four', 'Where we are nothing', 'In the nightside of Eden\n']"
2005,Dark Light,Venus (In Our Blood),"[""Her Heaven's a lie to those who threw away the key"", 'Her God is alive and well when the higher believes', ""And you can't damn the river of her dreams"", 'Or understand the divine words she speaks', 'Venus denies your seven towers above dark waters', ""You can't quench her thirst with the fear hiding away from the day"", 'Venus denies you in your dark waters', 'The moon kissed the sun and now we hold her in our blood', 'Her savior was never on a cross pierced with nails', 'Thirty pieces of silver never retraced her mistake', ""She'll always be free from the arms of your sins"", 'That made you weak as your world started crumbling', ""(She's in our blood)"", 'The Venus denies you in your dark waters', 'In our blood', ""(She's in our blood)\n""]"
2005,Dark Light,The Cage,"[""For years I've seen you fighting"", 'Against your heart', ""Living like you're dying"", 'So far from the sun', 'Waiting for a guardian angel', 'To lead you through the dangers', 'That lie ahead on your way', 'Towards tomorrows arms', 'Tears have turned from sweet to sour and hours to days', ""You're hiding yourself away"", ""From our cruel world's embrace"", 'And as your days turn to weeks', ""You'll cry yourself to sleep"", 'In the cage', 'We all have our fears but yours are', 'The scariest of them all', 'Lift your head and let us taste', 'The horror you adore', 'And it all starts to makes sense', 'All the blood wisely shed', 'Just wait until the cure comes knocking on your door', ""In the cage you're locked in"", ""In the cage you've locked yourself in\n""]"
2007,Venus Doom,Venus Doom,"['Leave all behind now to watch her crawl', 'Through our dark gardens of insanity', ""She'll be the light to guide you back home"", 'Just give her a kiss worth dying for', 'And open your arms', 'Chorus:]', 'Watch me fall for you', 'My venus doom', 'Hide my heart where all dreams are entombed', 'All dreams are of you', ""Grieve all your hearts out and she'll writhe enthralled"", 'In tragic ecstatic agony', 'And in her flames we will die some more', 'Just show me her life worth living for', 'And light up the dark', 'Chorus]', 'Hold me inside your infernal offering', 'Touch me as I fall', ""Don't lose yourself in this suffering yet"", 'Hold on', 'All tears are of you', 'My venus doom\n']"
2007,Venus Doom,Love In Cold Blood,"[""Serpentine love's thighs wrap around me in search for death"", ""Drenched in blood the adored and beloved will give in to'"", 'Love in cold blood', 'Breathe me in sweet suffering', 'Put me out of my misery', ""Love's feline eyes in darkness shine on her web"", 'Demonised with divine insight we draw our last breath', 'Darling take me home', 'To the castle made of skulls and bones', 'Sing me a song to remind me where I belong', 'In your arms, my love, in cold blood\n']"
2007,Venus Doom,Passion's Killing Floor,"[""It's poetry carved in flesh"", 'This beautiful hell of ours', 'To the deadliest sin we confess', '(Tears of joy fill our eyes)', 'We are safe where disfigured saints', 'Cry out their prophecies of doom', ""My heart's a graveyard, baby"", 'And to evil we make love', ""On our passion's killing floor"", ""In my arms, you won't sleep safely"", 'And of lust we are reborn', 'At the first kiss', 'the seeds of hatred are sewn', 'Back into darkness we flee', '(To tear our hearts out)', 'We are saved where all faiths fail', 'Alive inside of our tomb', ""(My heart's a graveyard, baby)"", ""(In my arms, you won't sleep safely)"", 'Forever more. . .\n']"
2007,Venus Doom,The Kiss Of Dawn,"['Blinded I am', 'And so are you', 'By shedding tears', 'Confusion that separates us two', 'We hold dear', 'Just look into my eyes', 'Kiss our fears goodbye', ""I'm reaching for your shadow"", 'Drowning in the kiss of dawn', 'Touching the pain that you left me with', 'At the kiss of dawn', ""I'm tired of the games"", ""I'm playing with you"", ""When you're not here"", 'Death frees from the fear of dying', ""It's true, have no fear"", 'Let me look into your eyes', 'And see death pass us by', 'Touching the pain you left me with', 'Drowning in the kiss of dawn\n']"
2007,Venus Doom,Sleepwalking Past Hope,"[""I hid the keys to unlock love's heart"", 'To hold you in my sweetest pain and suffering', ""Everything's unfair in our lust and war"", 'Redemption beyond right and wrong', 'In our hearts love keeps sweet-talking to despair', 'And goes on sleepwalking past hope', 'All is lost in this war', 'And all we can do is to wail and weep to the saddest song', 'Sleepwalking past hope', 'I unlit the light to embrace the dark', 'To be near but not to turn into you my darling', ""Forever we're lost in our souls' storm"", ""Reflections of each other's faults"", 'I gave up long ago', 'Painting love with crimson flow', 'Ran out of blood and hope', 'So I paint you no more', 'My hell begins from the 10th and descends to the circle', 'Six hundred threescore and six', ""And from there I crawl beneath Lucifer's claws just for one last kiss\n""]"
2007,Venus Doom,Dead Lover's Lane,"['Despair has a face', 'And all these wounds remain unhealed', 'Blessed to kill and enslaved', ""Are all hearts around love's will"", 'Thrilled to start all over again', ""Crawl down dead lover's lane,"", 'The maze of memories stained', 'And suck the blood right out of my heart', 'Fear has a name', 'Written on unhallowed ground', 'With dead leaves', 'Those words never fail', 'To feed the hunger that dreams', ""Our needs beyond God's grasp"", ""Crawl down dead lover's lane"", ""Scream out love's name in vain"", 'Embrace the pain again', 'And lose yourself alone in the dark', ""Dead lover's lane"", 'Right out of my heart\n']"
2007,Venus Doom,Songs Or Suicide,"['Sorrow rebuild me as I step out of the light', 'Misery strengthen me as I say my goodbyes', 'I heal my wounds with grief', 'And dream of you', 'And weep myself alive\n']"
2007,Venus Doom,Bleed Well,"['You had demons to kill within you screaming', 'With a gun loaded with guilt you opened their eyes', 'Love preys the living and praises the dead', 'In the heart of our hearts by death we were wed', ""Bleed well the soul you're about to sell for passion deranged"", ""Kiss and tell, baby we're bleeding well"", ""Bleed well the heart you're about to fail for reasons insane"", ""Kill and tell, baby we're bleeding well'"", ""'In hell"", ""'No love lost under her will', I heard you weeping"", 'And on those words a church was built to keep the pain in', ""If death is the answer to love's mysteries"", 'Then bleed on my darling to the sound of a dream\n']"
2007,Venus Doom,Cyanide Sun,"[""Should've known how hard it is to stop tearing each other apart"", 'Separating souls entwined with all these labyrinthine lies', 'I am dead to you, a shadow doomed', 'My love, forever in the dark', 'And of all untruths the truest is you', 'Too close to my heart', ""This emptiness I've made my home"", 'Embracing memories of dreams long gone', 'One last caress from the corpse of love is all I want', 'Underneath the cyanide sun', ""We've sailed the seas of grief on a raft built with our tears"", 'Looking for a way to disappear for a moment from our deepest fears', ""I'll be drowning you in this river of gloom"", 'Forever in my heart\n']"
2010,Screamworks: Love In Theory And Practice,In Venere Veritas,"[""Let's fall apart together now"", 'Zipping Cupid in a body bag well-worn', 'Next to the mausoleum he was born in', 'Picking up the pieces of this gory glory of it all', 'From Eve to mo(u)rn', 'Have no fear', 'There are wounds that are not meant to heal', 'And they sing, in venere veritas', 'Come inside', 'Let the fire burn you alive', 'And sing, baby sing', 'There are wounds that are not meant to heal at all', 'In venere veritas', ""There's a method to our sadness as we drag the mirrored ball and chain"", 'Through the twilight again', 'Dressed up in shame', 'We are begging for a reflection from an unshuttered heart', 'To blind and chase us over the edge', 'These are wounds that are not meant to heal at all', ""Let's fall apart together now\n""]"
2010,Screamworks: Love In Theory And Practice,Scared To Death,"['In the biblical sense and sensibility', 'let me know you', ""I'll kiss that smile off your face"", 'just say when', ""I'm not afraid to say 'I love you'"", 'any more than I used to be, babe', 'I am scared to death, I am scared to death', 'to fall in love', 'All these pick-up lines from hell', 'Icebreakers infernal', 'from a heart so black and blue', 'only for you', '(just say when, again)', 'with you', ""I'm not afraid to admit I adore you"", 'any more than I was before, babe', 'with you...', 'scared to death...', ""I'm scared to death.."", ""And you're sweet like poison...\n""]"
2010,Screamworks: Love In Theory And Practice,Heartkiller,"['Farewell the heartless world', ""I'll send you a postcard burnt"", 'in the flames you tried so hard to extinguish with fear of failing', ""I'll write down everything I've learned"", 'And edit it down to a single word', ""Love, for you I'm waiting, anticipating"", 'Sparks will fly beneath the Luna alight', ""Lazarus at Frankenstein's,"", ""Babe I'll be a flatliner for a heartkiller"", 'A little we die, above the lesser light', ""for you I'm open wide,"", 'Top hats off to the return,', 'of the beat to lick a wound to', 'cursed for some and blessed for a few', ""It doesn't have to make any sense at all"", ""Come hither and we'll fall"", 'In love, for love', ""I'm crawling out of patience baby"", 'Paint all your sorrows for me to sing', 'Heartkiller', 'Draw your pain and hear me hum it out', ""Babe I'll be a flatliner for a heartkiller\n""]"
2010,Screamworks: Love In Theory And Practice,Dying Song,"[""I've seen you breathe life into the weakest of hearts"", 'And heard you scream out loud the sweetest poem', 'Echoing across the ocean reminding me why I still try', 'To hold onto whatever is left of you and I', 'Shedding skin to a dying song', ""We hum along to the evening sun 'til we are no more"", 'Little deaths to a dying song', 'Sound a lot like life', ""I've seen these dreams being crushed by a single thought"", 'And felt the envy of sadness engulf all warmth', 'Barely alive under her eyes by exchanging sighs', 'With tomorrow quivering in the loneliest light', 'Sound a lot like life and love', 'Life and love with you', 'Crawl back into bed', ""Tomorrow's is trembling"", 'At the sight of you and I', 'Life and love', '(Dying song)', '(A dying song) ', 'x4]', 'With you...', 'Dying song\n']"
2010,Screamworks: Love In Theory And Practice,Disarm Me (With Your Loneliness),"['A promise of heaven pushed us right back to hell', 'Turning three sevens into three sixes again', 'And you laughed at my face when I told you how much it hurts', 'And said', 'Disarm me with your loneliness', 'Just like always before', 'Deceive me out of my emptiness', 'Telling me how you love', 'You keep on tempting me to go on whatever the cost', 'To witness the prettiest flower in bloom wither to dust', ""So I'll break all the rules in this endless game once called love"", 'For you', 'Telling me how you love me with all your heart', 'No more', 'Deceive me out of my emmptiness', 'Me with all your heart', 'Tell me how much it hurts my love?', '(No more)', 'Tell me how my kiss can change your world', 'Tell me how much it hurts (more) to be alone', 'Telling me that you love me with all your heart', 'No more\n']"
2010,Screamworks: Love In Theory And Practice,"Love, The Hardest Way","[""Love's the devil counting teardrops in the rain"", 'To the sound of a chalkboard symphony played with nails', ""For what it's worth"", ""I don't wanna see you hurt anymore"", 'Than you have to', 'Chorus:]', 'Dine on glass', 'Wine on blood', 'Baby, love the hard way', 'Baudelaire in Braille', 'Once you lose yourself entomb', 'I promise you to love the hardest way', 'Pretty like a flower on a tomb you are', 'Kissed blue by the last arrows of the sun', 'Olly olly oxen free', 'Hide and go weep', 'No more', 'Unless you want to', 'Chorus x2]', '(Love the hard way)', 'Love the hardest way', '(Love the harder way)', 'I promise you love the hardest way', 'Love the hardest\n']"
2010,Screamworks: Love In Theory And Practice,Katherine Wheel,"['Lo and behold, baby', 'These are the things you make me do', ""Katherine Wheel I'm burning for you"", ""I'm burning for you"", 'Come on and break me a limb at a time', 'Wrap me around your spokes so tight', ""There's no letting go"", 'Spin me around to blur the line between you and I', 'What are you waiting for?', ""Please don't stop until my heart no longer screams"", 'Katherine Wheel', ""Holding hands won't be enough"", 'In a world giving head to a gun', 'Love in theory and practice', 'Chapter one', 'Katherine wheel', 'I twist and turn', 'Your arms swirl', 'The dizzier I get the clearer I see', ""With you I'm at peace with the war within"", ""I'm burning for you\n""]"
2010,Screamworks: Love In Theory And Practice,In The Arms Of Rain,"['Once again we found ourselves to be lost', 'Holding hands while straying from the path in the forest dark', ""Aren't you happy to see me crawl serpentine towards the sun to you?"", ""Lift the lid off your heart's casket in the arms of rain"", ""Drift along this river of sadness 'til we feel no pain"", 'Baby stop, Hail Maries for the secret you kept from me', ""Hail Maries but tomorrow's dream"", 'In the arms of rain we are free', 'Again, I fought myself and lost', ""Come bite the apple and I'll coil around your heart"", ""I'm so happy to see you weep along in these arms you belong"", ""Ave Maria, we've tried"", ""Ave Maria, we've cried"", ""Ave Maria, we've died"", 'In the arms of rain', 'Hail Maries', ""It's the end of a road, hold me"", ""It's the end of a road and we're free\n""]"
2010,Screamworks: Love In Theory And Practice,Ode To Solitude,"['Easy on the eyes, uneasy on the heart', 'Sew my wrists shut', 'Sew my wrists shut with hope straight into light', 'Shining bright I dare you you to dream this', 'And I dare you to dream this gone what I want to know what make you smile less', ""Here's to the pain, the light of the oncoming train"", 'Come on', 'Ode to solitude in chains', ""Here's to the pain as always heaven in flames"", 'Now bleeding', 'Map the scars of a heart bruised and torn', 'Loosen the noose love', 'Loosen the noose with love', 'What I want to know is why you keep me hangin', 'If I should fail (and I will) to stay', 'Remember not to forget this feeling you have', ""I've failed"", 'Please pretend it never happen baby', 'Ode to solitude', 'Ode to solitude\n']"
2010,Screamworks: Love In Theory And Practice,Shatter Me With Hope,"[""The girl who cried at love, won't you come and play with me?"", 'You can be Cassandra, underneath the sword of Damocles', ""We'll tear this baby apart wise like Solomon"", 'Run, come shatter me now', 'Shatter me with hope', 'Crawl, come breathe me in, bleed out sorrow', 'Scream me a dream, untouched by shadows', 'Baby, shatter me now, shatter me now', ""She'll be the witness to the repose of Evelyn"", 'Push the needle in', 'To the of canticles of ecstasy', 'Turn to page 43', ""And you'll know how I feel"", 'Run, come shatter me now, shatter me with hope', 'Crawl, come breathe me in, bleed out all sorrow', 'shatter me with hope', ""Swear on your heart's grave, I'm wrong"", ""and love like your life's depending on it"", '(because it is!)', ""We'll tear this baby apart, wise like Solomon"", ""Turn to page forty three, and you'll know how I feel"", 'Crawl, come breathe me in', 'Bleed out all sorrow', 'Scream me dream, untouched by shadows', 'Shatter me now, shatter me now, shatter me now', 'Oh, oh-u, oooh', 'Oh, oh-u, oooh,Oh, oh-u, oooh', 'Scream me a dream.....!', '(Shatter me now, shatter me now, shatter me now)', '(Shatter me now, shatter me now, shatter me now)\n']"
2010,Screamworks: Love In Theory And Practice,Acoustic Funeral (For Love In Limbo),"['You missed the winter and it followed you back home ', 'Where sun kissed the crimson footsteps in the melting snow ', 'We are doing our best to disown the golden mean ', 'By disacts of cruelty in the name of beauty to be free ', 'The acoustic funeral for love in limbo ', ""We're dancing with tags on our toes "", 'I saved my last breath for your window ', 'To write you this song for the acoustic funeral ', 'On the verge of a vow to kill all reason locking that door ', 'To a nightmare within a nightmare we are bound to adore ', 'Let the pleasure in the shape of a heart lie to me ', 'And finally confirm all fears to be so real ', 'Be so real ', ""Underneath the ice so thin I am turning blue (I'm turning blue) "", 'The one last thing I know to be real is the shadow of you ', 'Killing love with a kiss ', 'To write you this song ', '(the acoustic funeral for love in limbo) ', ""(we're dancing with tags on our toes) "", 'Lest we have to fall ', 'For the acoustic funeral ', 'Killing love with a kiss\n']"
2010,Screamworks: Love In Theory And Practice,Like St. Valentine,"[""In the name of love lost I'm frozen to her and I want you to"", 'come build me a bridge soaked in gasoline and pass the torch.', 'Hey baby let me be your Valentine, St. Valentine...', 'Suck the sorrow out of you and try to keep the lie alive.', 'Like St. Valentine', 'Like the couple from Pompei,', ""our drama's put on display."", 'Along with a dove, stuffed', 'In a coffin of glass entitled', '""Love, Lust and the Holy Ghost"".', 'Those were the days.', 'Hey baby let me be your Valentine, St. Valentine,', 'Suck the sorrow out of you and try to keep a lie alive.', 'Like Saint Valentine.', ""Love's the only war worth dying for."", ""Build me up to knock me down, I'm all yours."", 'Hey baby let me be your valentine, St. Valentine,', 'Like Saint Valentine.\n']"
2010,Screamworks: Love In Theory And Practice,The Foreboding Sense Of Impending Happiness,"['By your heartstrings I am hanging from a dream', 'Gently swinging in the warm autumn breeze', 'Come look at the scars', 'Smother a heart, opening up', 'Look at the scars', 'Smother a heart, opening up no more', 'Tip toeing along a strand of your hair suspended between', 'These thoughts and actions miles above reality', 'look at the scars', '(look at the scars)', 'Opening up', 'Look at the Scars', 'You open me up', 'open me up', 'Smother a heart', 'opening up', '(Look at the scars)', '(Smother a heart)', '(Opening up)\n']"
2013,Tears On Tape,All Lips Go Blue,"['Hear the silent sighing song,', 'A moment of calm before the storm.', 'My heart so violently beats along,', 'Leaving me to want to end it all.', 'I weep for the dream in a grave,', 'The one that made all lips go blue, blue, blue.', 'I read the words on torn down walls,', 'Reminding me how much I loved you.', 'I leave, bleeding yet another day,', 'It√¢\x80\x98s all for you.', 'Blue, blue, blue,', 'Weep for the dream in a grave,', 'In the silent sighs in song.\n']"
2013,Tears On Tape,Love Without Tears,"['As the light across the room flickers its dying song waiting for a reason to keep going on.', 'The sweetest wine has now turned bitter by these thoughts', 'So I wander the dark on my own,', ""I should've known all along"", 'That love without tears is just a story told to keep us hanging on in the cold all alone', 'Bathing in fear I sing', 'Love without tears,', 'Love without tears', 'A ghost residing here', ""A boy who can't let go"", ""Won't take no for an answer"", 'Crying his song,', 'Go on and prove me wrong', 'Please let me be so wrong\n']"
2013,Tears On Tape,I Will Be The End Of You,"['Cold, underneath the starry night', 'Breathing in everything but air', 'See as the fiery lights dies in your eyes', 'On your leaving', ""Love's screaming,"", '""I will be the end of you!""', 'And I\'m pleading, ""Don\'t you stop now.', 'Go on and tear me apart,', 'Show me all you have got', 'And I will be', 'So free.""', 'Hear the cries of the stormy skies', 'Letting go of all that she has held in', 'Waiting for that shadow to smile', 'And realize you√¢\x80\x99re nowhere near me.', 'Go on and tear me apart.', 'Show me all you have got.', 'And I will be so free from all that has been.""', 'We will be so free from all that has been.', 'So free from all that we√¢\x80\x99ve seen.', 'So free\n']"
2013,Tears On Tape,Tears On Tape,"['Church bells toll', 'Thunder roars around me', 'I√¢\x80\x99ve been warned to prepare myself', 'For the fall', 'I√¢\x80\x99m armed to the teeth with tender pain', 'Of all yesterdays', 'Tears on tape', 'I will follow into your heart', 'Sketching rain from afar', 'She surrenders needle in arm', 'While we dance into the storm', 'Darkness falls', 'Settling the score with love for once and for all', 'Soaked in blood I cry', 'I fear we√¢\x80\x99re lost to the summer rain', 'Lonely and afraid', 'And for a moment there√¢\x80\x99s no pain', 'For once there√¢\x80\x99s no more pain in your eyes', 'And maybe we√¢\x80\x99ll love, just enough', 'To convince us to keep breathing on', 'I will follow you, to your arms\n']"
2013,Tears On Tape,Into The Night,"['Trapped in autumn, buried beneath the leaves', 'To the echo of the summer softly weeping', 'Sinking further in this sanguinary sea', 'Painting pain with pastels through her cemetery eyes', 'Chorus:]', 'Into the night we ride, scars wide open', 'Into the night, you and I torn and broken', 'Bleed into the night', ""Blinded by the sun's brightest rays"", 'Radiating from the sharpened razor blade', 'Side by side: darkness and light', 'Play their game so unafraid, their heartbeats synchronized', ""(we're engulfed in fire)"", ""Bleed into the night and I'll meet you there"", 'Waiting for the world to end', 'Oh let it end again', 'Bleed into the night, arms wide open', 'Will you meet me there?\n']"
2013,Tears On Tape,Hearts At War,"['So after all that we have done,', 'Are you feeling cold like the winter sun?', 'And have you thought about all the words that we left unsaid,', ""Don't be scared,"", ""(you shouldn't be)"", 'Hearts at war', 'Drunk on dreams', ""Of all that's been lost now"", 'Let them bleed,', 'Just let them', 'Run away as far as you can', 'And hide behind all the promises', ""But I'll find you 'cause you are of fire"", ""And I'm the rain,"", ""Don't be afraid"", '(it would be a shame)', 'Let them bleed', 'For a thing called love', ""And there's no escaping,"", 'What we have brought upon ourselves again', ""And there's no escaping"", ""There's no way out baby"", 'We√¢\x80\x99ve brought this upon ourselves again\n']"
2013,Tears On Tape,No Love,"['Forever and ever!', 'Shadows grow taller, ', ""And I'm sleeping on my scars"", 'Lonely, I hold her', 'And crave for your warmth', '(And it hurts hard)', ""There's no love,"", 'No love will be enough ', ""for what I'm feeling"", 'No love', 'No love will be the end ', 'of this dreaming of you', 'Hell is freezing over ', 'And the light is long gone', 'And I wonder where you are', ""There's no love"", 'No love will be enough, ', ""We're the stars "", 'In the drawing of the flame', 'Making love to the rain', 'of this dreaming of you\n']"
2013,Tears On Tape,Drawn & Quartered,"['We could be like all the others with nowhere to go', 'Paint ourselves into a corner with hope', 'This could be the end of everything', 'Afraid of a dream of one', 'Chorus:]', ""Let's hold these hearts for one another"", ""It's worth all wounds, it must be"", ""If I'm drawn and quartered"", ""It's only for you"", 'Shall we hold that thought now and forever', 'In all shades of blue', ""So why won't you (why won't you) been waiting for you (waiting for you)?"", ""Why won't you go on and run?"", 'Every part of me wants to believe', ""There's a darkness we need to feel"", 'For the brightest light to be seen and felt inside', 'Only because of you', ""So why won't you (why won't you) been watching too (watching too)?"", ""So why won't you go on and run with them?"", 'Run away, go on and run away', ""And I'll stay yours"", 'Drawn & quartered ', '3x]', 'For you', ""It's all I can do."", 'My baby, hold that thought now and forever', ""Why won't you (why won't you)?"", ""I'll wait for you (I'll wait for you)"", ""So why won't you go on and run"", ""Why won't you"", ""So why won't you go on and run with me?"", 'Run away', 'Hold these hearts for one another', 'Hold these thoughts now and forever', 'Always\n']"
2013,Tears On Tape,When Love Starts To Die,"['I kissed the void and crawl straight into its heart', 'Disowning all I adore', 'I prayed to hear again', 'That serpent song', 'Wishing it would be over', 'When love starts to die', 'It begins with a kiss', 'Violently soothing and warm', 'So do I (so do I)', 'So do I', 'That√¢\x80\x99s right', 'My foot fail me?', 'In a hardening stone', 'Still waiting for your call', 'Ooh', ""Your words tickle like angels' wings blow"", 'So I die', 'So do I\n']"
2013,Tears On Tape,Kiss The Void,"[""I'm losin' power and I don't know why?"", ""Not really sure if I'll live or die"", ""I wanna leave but I can't get away"", ""It's a strange sensation"", ""Out of control bein' by myself"", 'I feel this gravitation', ""Caught like a magnet and I'm bein' pulled"", '(Into the void)', 'I wanna get away, get away', ""I'm bein' pulled, I'm bein' pulled down"", ""This place is spinnin', spinnin' around"", ""Fell like I'm bein' pulled into a black hole"", ""This crazy feelin's screwin' with my head"", ""I'm overloadin' and my gauges are red"", ""State of confusion's got a hold on me"", 'I feel a hesitation', ""I'm bein' drugged, fallen out of the track"", ""Don't like the situation"", ""My head is spinnin', spinnin' around 'round"", ""This force is gettin', gettin' stronger"", ""I'm bein' pulled, bein' pulled down down"", 'Down down', 'I wanna really get away', ""Don't like this feelin', I'm bein' pulled down"", ""Feel like it's spinnin', spinnin' around"", ""I'm being pulled, bein' pulled down down"", 'Get away, get away', '(Into the void)\n']"
